search_random_state,number_of_search_trails,expected_val_score,best_val_score,mean_fit_time,search_time,max_seq_length,num_train_epochs,learning_rate,weight_decay,adam_epsilon,max_grad_norm
52,5,0.6147922998986829,0.6595744680851063,0.09987933707237244,0.5921441187461217,100,2.1666666666666665,8.333333333333334e-05,0.0077777777777777776,1e-08,0.9555555555555556
