moment,type,loss,acc,time
before,train,1.2435122898646764,0.315,
before,dev,1.2186719008854456,0.365,
after,train,0.3161421279822077,0.885,14858.443157196045
after,dev,0.45202987108911785,0.79,14858.443157196045
